"ref","stratum","verdict","note"
"00068377:1258:008","fair_copy","correct","We do not add the accent if not present in the manuscript"
"DE-611-HS-974894:0332:018","fair_copy","correct","Same comment, we do not modernize ""addressés"" to ""addressez""."
"DE-611-HS-958698:0011:024","fair_copy","correct","the crop misses out the last two letters ""re"""
"DE-611-HS-859738:0014:007","fair_copy","correct",""
"DE-611-HS-508944:0229:018","fair_copy","correct",""
"DE-611-HS-862260:0064:004","fair_copy","correct",""
"00068377:0548:015","fair_copy","wrong","""àdroit"" instead of ""à droitfe""; here the spelling is not modernized"
"DE-611-HS-860628:0257:012","fair_copy","correct",""
"00068369:0660:003","fair_copy","correct",""
"DE-611-HS-970455:0009:006","fair_copy","correct",""
"DE-611-HS-855596:0006:012","fair_copy","correct",""
"DE-611-HS-855596:0007:002","fair_copy","correct",""
"DE-611-HS-974894:0325:013","fair_copy","wrong","""Casal"" instead of ""Casai"""
"DE-611-HS-974894:0243:031","fair_copy","correct","""ici"" instead of ""icy""..."
"00068377:1270:027","fair_copy","correct",""
"DE-611-HS-974894:0350:006","fair_copy","correct",""
"DE-611-HS-974894:0296:008","fair_copy","wrong","Why is there a capital for ""vous""? We expect ""que vous aurez..."". Wrong accent here: ""Il allégué"", we expect ""Il allegue""."
"DE-611-HS-974894:0313:028","fair_copy","correct","I think there is a hyphen at the end of the line ""ou-"". If ""Mons"" can be considered instead of ""Mr."", it can be Mister instead."
"00068377:0959:022","fair_copy","correct",""
"00068377:0963:001","fair_copy","correct","Here the ""ie"" is modernized to ""je""."
"DE-611-HS-862041:0034:013","fair_copy","correct",""
"00068377:1223:026","fair_copy","correct",""
"00068377:1383:023","fair_copy","wrong","""[l’j"" should not be there. Else, all good."
"00068285:0002:001","fair_copy","correct",""
"00068285:0009:035","fair_copy","correct",""
"00068285:0013:039","fair_copy","correct",""
"00068285:0016:001","fair_copy","correct","there is no comma after ""temere"""
"00068285:0033:026","fair_copy","correct",""
"00068285:0037:019","fair_copy","correct",""
"00068285:0059:036","fair_copy","correct","no comma after ""sequatur"""
"00068285:0070:008","fair_copy","correct",""
"00068285:0075:033","fair_copy","correct",""
"00068285:0090:000","fair_copy","correct","ponctuation missed or symbol mismatch: ""pulcherrime, exprimuntur, quarum"""
"00068285:0101:040","fair_copy","correct",""
"00068285:0109:025","fair_copy","correct",""
"00068285:0135:034","fair_copy","correct","The "";"" should be a comma; missing hyphen at the end of the line"
"00068285:0139:040","fair_copy","boundary","""eae, quae a beatis"""
"00068285:0140:004","fair_copy","correct","""DEUS"" is written all in capital letters here; missing hyphen at the end of the line"
"00068285:0148:014","fair_copy","correct","""DEUS""; missing hyphen at the end of the line"
"00068285:0157:002","fair_copy","correct",""
"00068285:0166:010","fair_copy","correct","missing hyphen at the end of the line"
"00068285:0173:037","fair_copy","correct",""
"00068285:0183:029","fair_copy","correct","added "","" after ""inter se"", not present in the manuscript"
"00068285:0194:004","fair_copy","wrong","We read ""praevideatur"" instead of ""provideatur""."
"00068285:0211:023","fair_copy","boundary","Missing ""hoc"" before ""divina sapientia""; missing hyphen at the end of the line"
"00068285:0214:010","fair_copy","correct",""
"00068285:0233:024","fair_copy","correct","missing hyphen at the end"
"00068285:0240:010","fair_copy","correct",""
"00068285:0256:015","fair_copy","wrong"," ""et"" instead of ""ut"" ?; the comma is not present in the manuscript"
"00068285:0273:014","fair_copy","correct","comma not present in the manuscript"
"DE-611-HS-957395:0009:011","light_revision","correct","no comma after ""teste"""
"00068377:1246:014","light_revision","correct",""
"DE-611-HS-867801:0007:039","light_revision","correct",""
"DE-611-HS-867321:0021:010","light_revision","correct",""
"DE-611-HS-957357:0088:009","light_revision","correct","missing ""r"" at the end in ""communiquer"""
"DE-611-HS-960102:0009:034","light_revision","correct",""
"DE-611-HS-970495:0142:001","light_revision","correct",""
"DE-611-HS-860383:0016:000","light_revision","correct",""
"DE-611-HS-867205:0001:032","light_revision","boundary","""Studiis"" instead of ""tudiis"""
"DE-611-HS-857075:0050:034","light_revision","boundary","""quoy"" instead of ""quo"""
"DE-611-HS-957317:0052:034","light_revision","correct",""
"DE-611-HS-855601:0006:015","light_revision","correct",""
"DE-611-HS-959288:0086:029","light_revision","wrong","""serviteur"" instead of ""érité"""
"00068369:0015:019","light_revision","correct",""
"DE-611-HS-861697:0036:033","light_revision","unreadable",""
"DE-611-HS-971102:0034:010","light_revision","correct","missing hyphen at the end of the line"
"DE-611-HS-855763:0005:036","light_revision","correct",""
"DE-611-HS-856369:0192:022","light_revision","correct",""
"DE-611-HS-860359:0005:026","light_revision","correct",""
"DE-611-HS-855766:0015:045","light_revision","correct",""
"00068442:0051:032","light_revision","correct","no comma after ""mieux"" (another sign?)"
"DE-611-HS-973068:0082:003","light_revision","correct",""
"DE-611-HS-974744:0053:001","light_revision","correct",""
"DE-611-HS-861697:0053:007","light_revision","correct",""
"DE-611-HS-970455:0043:035","light_revision","correct",""
"DE-611-HS-971140:0064:052","light_revision","unreadable",""
"DE-611-HS-866698:0001:007","light_revision","boundary","We read ""qu'ils surprenent""; ""Roy""  -> missing ""y"""
"DE-611-HS-958494:0036:004","light_revision","correct",""
"00068778:0079:037","light_revision","correct",""
"DE-611-HS-860577:0026:057","light_revision","correct",""
"DE-611-HS-3595205:0073:018","light_revision","correct",""
"00068768:0311:027","light_revision","correct","""t"" lower case for ""trajectum"""
"00068768:0384:014","light_revision","correct","missing hyphen at the end of the line"
"00068283:0044:006","light_revision","correct","""DEUM""; missing comma after ""DEUM""; missing hyphen at the end of the line"
"00068774:0253:037","light_revision","correct",""
"00068774:0254:026","light_revision","boundary","""orbo"" at the end of the line not present on the crop. Also, capital letters are not respected: ""Fall"" and ""Rege""."
"00068774:0268:022","light_revision","correct","""Sie"" with capital ""S""."
"DE-611-HS-859609:0038:022","light_revision","correct","first work missing the first letter: ""octobris"". Assigned correct, since HTR did not see the correct boudary either from the crop."
"DE-611-HS-974894:0263:018","light_revision","correct",""
"00068774:0113:036","light_revision","correct",""
"DE-611-HS-973119:0126:043","light_revision","unreadable",""
"DE-611-HS-855712:0025:026","light_revision","correct",""
"DE-611-HS-867437:0100:018","light_revision","correct",""
"DE-611-HS-971383:0034:052","light_revision","unreadable",""
"00068377:1120:009","light_revision","correct","""d'admirer"" : apostrophe missing; hyphen missing at the end"
"DE-611-HS-861723:0193:021","light_revision","correct",""
"00068401:0113:004","light_revision","","We cannot decipher "
"00068768:0051:044","light_revision","correct",""
"00068768:0127:060","light_revision","correct",""
"00068768:0161:032","light_revision","boundary","no ""N"" at the end"
"DE-611-HS-868175:0015:002","heavy_revision","boundary","missing ""s"" at ""oserois"""
"DE-611-HS-971126:0001:053","heavy_revision","boundary","first letter missed: ""Car/Par sa foy..."""
"DE-611-HS-973068:0059:028","heavy_revision","correct",""
"DE-611-HS-867205:0015:017","heavy_revision","correct",""
"DE-611-HS-867145:0039:037","heavy_revision","correct",""
"DE-611-HS-973585:0073:003","heavy_revision","correct",""
"DE-611-HS-960189:0001:015","heavy_revision","correct",""
"DE-611-HS-957829:0126:019","heavy_revision","correct",""
"DE-611-HS-860223:0060:004","heavy_revision","correct",""
"DE-611-HS-856819:0374:023","heavy_revision","correct",""
"00068331:0018:002","heavy_revision","correct",""
"DE-611-HS-867251:0037:049","heavy_revision","correct",""
"00068371:0045:027","heavy_revision","wrong","""in melius auctam"" is not on the line, it should be a separate line as it is an addition"
"DE-611-HS-957829:0186:009","heavy_revision","unreadable",""
"DE-611-HS-860205:0007:021","heavy_revision","boundary","missing ""S"" in ""Schrijft"", missing ""n"" at the end word ""drucken"""
"00068400:0010:100","heavy_revision","boundary","""non era"" -> ""non erant"""
"00068377:1121:043","heavy_revision","wrong","""envoyé"" -> ""envoye"""
"00068778:0014:023","heavy_revision","boundary","""ipso opere"" -> ""in ipso opere""; ""vescovo"" instead of ""vescouo""; """"citta`"" -> ""città"""
"00068703:0074:014","heavy_revision","correct","""habeamus"" -> not sure we see the end of the word here... we see ""habea""; no comma after ""dicere""."
"00068378:0719:012","heavy_revision","boundary",". [p. 76] -> should not appear; no full stop visible on the manuscript crop."
"00068647:0042:076","heavy_revision","correct","We do not see the ""is"" after ""Porro"""
"00068258:0003:037","heavy_revision","wrong","2 dimension math expression -> not readable by HTR."
"00068647:0016:019","heavy_revision","correct",""
"DE-611-HS-970486:0240:012","heavy_revision","boundary","""imprimer"" instead of ""primer""; We cannot read the last word."
"DE-611-HS-960108:0005:046","heavy_revision","boundary","we do not see ""De"" at the end of this line crop."
"DE-611-HS-867509:0126:022","heavy_revision","wrong","""eg"" is transcribed as ""ia"", the sign after ""yy"" is a cartesian equality sign. ""("" should not be present at the end."
"00068606:0413:117","heavy_revision","correct",""
"DE-611-HS-859609:0077:056","heavy_revision","correct",""
"00068753:0127:041","heavy_revision","correct","missing hyphen at the end of the line"
"00067988:0015:064","heavy_revision","correct",""
"00068334:0033:053","heavy_revision","boundary","""hes. 2]"" -> should not appear at the beginning of the line"
"00068331:0043:071","heavy_revision","correct","missing hyphen at the end of the line"
"DE-611-HS-958006:0006:009","heavy_revision","correct",""
"00068768:0452:031","heavy_revision","correct",""
"00068534:0333:126","heavy_revision","correct",""
"DE-611-HS-958006:0014:030","heavy_revision","boundary","""l'Abbé"" instead of ""Abbé"""
"00068549:0190:011","heavy_revision","unreadable",""
"DE-611-HS-855399:0157:026","heavy_revision","correct",""
"00068377:0280:017","heavy_revision","wrong","no comma after ""arrest""; wrong accents ""celuy qui allégué"" -> ""celuy qui allegue"""
"DE-611-HS-859609:0179:077","heavy_revision","correct","not sure of the boundary of the last word"
"DE-611-HS-859609:0035:032","heavy_revision","boundary","est"
"00068377:1186:023","heavy_revision","boundary","correct boundary: ""la bonne foy qu’il""  "
"00068769:0143:109","heavy_revision","correct",""
"00068433:0032:007","heavy_revision","correct",""
"00068330:0046:016","heavy_revision","correct",""
"DE-611-HS-856498:0038:012","heavy_revision","correct",""
"00068650:0009:146","heavy_revision","correct",""
"00068299:0013:068","heavy_revision","correct",""
"00068823:0324:003","heavy_revision","correct","""n"" at the beginning should not appear"
"00068823:0324:025","heavy_revision","correct","We do not see ""s"" at the end."
"DE-611-HS-855794:0241:045","scrap","correct",""
"DE-611-HS-855794:0242:018","scrap","correct","No ""s"" at the end"
"DE-611-HS-855794:0242:020","scrap","correct",""
"DE-611-HS-958114:0029:034","scrap","boundary","""serviteur"", no ""C""."
"DE-611-HS-867148:0144:081","scrap","unreadable","not ""d"", could be a math symbol or a ""z"""
"DE-611-HS-861286:0053:017","scrap","boundary","""pourr"" -> ""pour"""
"DE-611-HS-861286:0054:014","scrap","boundary","missing part of the word at the end: ""nu..."""
"DE-611-HS-867148:0168:003","scrap","correct",""
"DE-611-HS-958816:0009:004","scrap","unreadable",""
"DE-611-HS-959414:0011:020","scrap","correct",""
"DE-611-HS-959414:0012:007","scrap","correct",""
"DE-611-HS-959414:0012:008","scrap","correct",""
"DE-611-HS-959414:0012:041","scrap","boundary","""de"" missing at the beginning; ""de la quitter pour..."""
"DE-611-HS-959414:0012:044","scrap","correct",""
"DE-611-HS-959414:0012:051","scrap","boundary","""sy vo"" -> ""sy vous"""
"DE-611-HS-859609:0398:013","scrap","unreadable",""
"DE-611-HS-859609:0398:021","scrap","correct","""cepticos"" -> ""scepticos"". Assigned correct since the ""s"" is not really readable on the crop."
"00068206:0014:029","scrap","unreadable","cannot read the symbol alone, we need the context"
"00068815:0165:012","scrap","boundary",""
"DE-611-HS-856973:0133:021","scrap","correct",""
"DE-611-HS-856973:0134:011","scrap","boundary","""’observatoire"" -> ""L’observatoire"""
"DE-611-HS-856973:0134:024","scrap","unreadable",""
"DE-611-HS-958572:0292:021","scrap","unreadable",""
"DE-611-HS-958572:0292:099","scrap","unreadable",""
"DE-611-HS-859552:0001:023","scrap","correct",""
"DE-611-HS-859552:0003:009","scrap","correct",""
"DE-611-HS-859552:0003:017","scrap","correct",""
"DE-611-HS-859552:0004:000","scrap","correct",""
"DE-611-HS-3595205:0327:022","scrap","boundary","""et"" missing at the beginning and "". Ce"" not present at the end."
"DE-611-HS-860722:0091:060","scrap","wrong","x4"
"DE-611-HS-860722:0092:013","scrap","wrong",""
"DE-611-HS-3616805:0057:031","scrap","boundary","no ""su"" at the beginning; no ""Addit"" at the end"
"00068573:0003:012","scrap","correct",""
"00068573:0003:030","scrap","correct",""
"00068573:0003:057","scrap","boundary","missing ""l'"" at the beginning ""l'honneur"""
"DE-611-HS-3616805:0051:092","scrap","unreadable",""
"DE-611-HS-860722:0087:064","scrap","wrong","""+ x"" instead of ""tc.""?"
"DE-611-HS-860722:0087:163","scrap","correct",""
"00068369:0129:125","scrap","boundary","right border not correct : should stop at ""manducationem"""
"00068369:0130:005","scrap","correct",""
"00068369:0130:044","scrap","correct",""
"00068369:0131:121","scrap","correct",""
"00068369:0132:007","scrap","boundary","""Christus"" -> ""C"" initial letter missing; last ""o"" should not be there."
"00068369:0132:009","scrap","correct",""
"00068369:0132:035","scrap","boundary","just ""d"" should not appear at the end"
"DE-611-HS-3595205:0063:045","scrap","boundary","""2 (Danebens"" -> shouldn't be there"
"00068377:0263:018","scrap","correct",""
"00068377:0265:064","scrap","correct",""
"00068774:0004:005","scrap","correct","missing hyphen at the end"
"00068774:0004:006","scrap","wrong","""könten"" is an addition, it is not visually on the same line"
