volume,pieces,la,fr,de,mixed,unknown,de_pieces_group,de_localizable,de_with_lines,de_pages,de_lines,de_minted,de_yield,lafr_pieces,lafr_lines,lafr_minted,lafr_yield,de_leibniz_hand
"I,2",1,0,0,1,0,0,1,1,1,2,50,15,0.3000,0,0,0,,0
"I,3",675,135,461,42,29,8,61,36,36,102,5085,129,0.0254,596,73320,10640,0.1451,11
"I,4",3,0,0,3,0,0,3,2,2,4,139,17,0.1223,0,0,0,,0
"I,5",7,6,0,1,0,0,1,1,1,4,738,0,0.0000,6,682,103,0.1510,0
"I,6",592,172,290,109,21,0,112,83,83,264,13687,1550,0.1132,462,56774,12352,0.2176,7
"I,7",607,168,318,104,17,0,106,71,69,216,14184,1598,0.1127,486,57077,10944,0.1917,25
"I,8",540,139,302,82,15,2,82,58,58,176,11933,857,0.0718,441,62604,13526,0.2161,3
"I,9",677,254,295,115,13,0,116,101,101,320,18195,1579,0.0868,549,64809,13594,0.2098,0
"I,10",645,245,271,121,8,0,121,101,101,304,18546,1539,0.0830,516,54677,12780,0.2337,3
"I,11",747,273,299,147,27,1,157,128,127,398,21346,1895,0.0888,572,62025,11988,0.1933,0
"I,12",662,242,261,132,26,1,137,102,102,320,15608,1412,0.0905,503,60626,11921,0.1966,0
"I,14",670,231,354,76,8,1,76,60,59,178,7821,983,0.1257,585,81675,16850,0.2063,2
"I,15",782,281,317,167,17,0,171,129,109,336,16706,2147,0.1285,598,72131,12769,0.1770,0
"I,16",676,229,321,104,21,1,112,80,79,278,12897,1770,0.1372,550,60290,12126,0.2011,3
"II,1",53,26,18,5,4,0,6,6,6,24,1988,209,0.1051,44,7883,1315,0.1668,0
"III,1",356,209,109,8,17,13,12,10,10,26,1422,135,0.0949,318,48892,5119,0.1047,0
"III,3",567,93,82,360,31,1,373,306,306,1016,74978,4069,0.0543,175,36727,4911,0.1337,3
"III,4",424,71,69,266,18,0,278,207,207,636,50165,4343,0.0866,140,26987,4907,0.1818,2
"IV,1",153,85,20,41,7,0,41,26,26,352,28932,6142,0.2123,105,67656,17621,0.2604,2
"IV,2",154,76,54,21,3,0,21,9,9,72,5864,766,0.1306,130,13789,3526,0.2557,9
"IV,3",263,59,54,140,8,2,140,136,132,642,62186,8043,0.1293,113,53545,13043,0.2436,8
"VI,1",40,39,0,1,0,0,1,0,0,0,0,0,,39,13784,2215,0.1607,0
"VI,3",228,154,36,0,38,0,31,29,29,166,16084,1084,0.0674,190,84230,11936,0.1417,0
"VI,4",566,483,60,14,7,2,14,12,12,38,2840,633,0.2229,543,248861,46330,0.1862,4
"VI,6",33,0,33,0,0,0,0,0,0,0,0,0,,33,19488,2246,0.1153,0
