record_id,role,reader,volume,stratum,hand,leibniz_hand,threshold,n_lines,n_read,n_aligned,yield,mean_conf,mean_conf_aligned
42213,german,philiumm,"I,3",heavy_revision,own,0,0.72,73,62,6,0.0822,0.1286,1.0000
42213,german,trocr-kurrent-xvi-xvii,"I,3",heavy_revision,own,0,0.72,73,73,0,0.0000,0.0476,
42213,german,trocr-hanse-xvii,"I,3",heavy_revision,own,0,0.72,73,73,0,0.0000,0.0489,
42213,german,trocr-hanse-xvi,"I,3",heavy_revision,own,0,0.72,73,73,2,0.0274,0.0673,1.0000
42213,german,v1,"I,3",heavy_revision,own,0,0.72,73,43,1,0.0137,0.0509,1.0000
29507,german,philiumm,"I,3",light_revision,own,0,0.62,76,75,0,0.0000,0.0450,
29507,german,trocr-kurrent-xvi-xvii,"I,3",light_revision,own,0,0.62,76,76,0,0.0000,0.0689,
29507,german,trocr-hanse-xvii,"I,3",light_revision,own,0,0.62,76,76,1,0.0132,0.0586,0.7500
29507,german,trocr-hanse-xvi,"I,3",light_revision,own,0,0.62,76,76,0,0.0000,0.0490,
29507,german,v1,"I,3",light_revision,own,0,0.62,76,76,0,0.0000,0.0402,
14964,german,philiumm,"I,10",heavy_revision,other,0,0.72,396,313,31,0.0783,0.1921,0.9919
14964,german,trocr-kurrent-xvi-xvii,"I,10",heavy_revision,other,0,0.72,396,395,11,0.0278,0.1344,0.8772
14964,german,trocr-hanse-xvii,"I,10",heavy_revision,other,0,0.72,396,396,28,0.0707,0.1692,0.9668
14964,german,trocr-hanse-xvi,"I,10",heavy_revision,other,0,0.72,396,396,13,0.0328,0.1405,0.9398
14964,german,v1,"I,10",heavy_revision,other,0,0.72,396,290,19,0.0480,0.1502,0.9863
58675,german,philiumm,"VI,3",light_revision,other,0,0.62,140,140,76,0.5429,0.8225,0.9661
58675,german,trocr-kurrent-xvi-xvii,"VI,3",light_revision,other,0,0.62,140,140,73,0.5214,0.7997,0.9469
58675,german,trocr-hanse-xvii,"VI,3",light_revision,other,0,0.62,140,140,76,0.5429,0.7981,0.8469
58675,german,trocr-hanse-xvi,"VI,3",light_revision,other,0,0.62,140,140,76,0.5429,0.7706,0.9362
58675,german,v1,"VI,3",light_revision,other,0,0.62,140,140,78,0.5571,0.8142,0.9688
58771,german,philiumm,"IV,1",heavy_revision,partial,0,0.72,80,80,14,0.1750,0.4594,0.7987
58771,german,trocr-kurrent-xvi-xvii,"IV,1",heavy_revision,partial,0,0.72,80,80,29,0.3625,0.4556,0.8499
58771,german,trocr-hanse-xvii,"IV,1",heavy_revision,partial,0,0.72,80,80,29,0.3625,0.4499,0.8449
58771,german,trocr-hanse-xvi,"IV,1",heavy_revision,partial,0,0.72,80,80,30,0.3750,0.5423,0.9312
58771,german,v1,"IV,1",heavy_revision,partial,0,0.72,80,80,16,0.2000,0.4628,0.7840
3220,german,philiumm,"I,6",light_revision,partial,0,0.62,33,31,1,0.0303,0.2376,0.6875
3220,german,trocr-kurrent-xvi-xvii,"I,6",light_revision,partial,0,0.62,33,33,2,0.0606,0.2491,0.9848
3220,german,trocr-hanse-xvii,"I,6",light_revision,partial,0,0.62,33,33,2,0.0606,0.2197,0.7002
3220,german,trocr-hanse-xvi,"I,6",light_revision,partial,0,0.62,33,33,3,0.0909,0.2431,0.9050
3220,german,v1,"I,6",light_revision,partial,0,0.62,33,32,1,0.0303,0.2264,0.7742
42202,german,philiumm,"III,3",scrap,other,0,0.80,26,25,2,0.0769,0.3412,1.0000
42202,german,trocr-kurrent-xvi-xvii,"III,3",scrap,other,0,0.80,26,26,2,0.0769,0.2775,0.8231
42202,german,trocr-hanse-xvii,"III,3",scrap,other,0,0.80,26,26,2,0.0769,0.3641,0.8810
42202,german,trocr-hanse-xvi,"III,3",scrap,other,0,0.80,26,26,5,0.1923,0.4950,0.9291
42202,german,v1,"III,3",scrap,other,0,0.80,26,24,1,0.0385,0.3302,1.0000
33409,german,philiumm,"III,4",scrap,partial,0,0.80,95,90,3,0.0316,0.2929,1.0000
33409,german,trocr-kurrent-xvi-xvii,"III,4",scrap,partial,0,0.80,95,95,10,0.1053,0.3384,0.8978
33409,german,trocr-hanse-xvii,"III,4",scrap,partial,0,0.80,95,95,15,0.1579,0.3821,0.8766
33409,german,trocr-hanse-xvi,"III,4",scrap,partial,0,0.80,95,95,12,0.1263,0.3623,0.9127
33409,german,v1,"III,4",scrap,partial,0,0.80,95,88,2,0.0211,0.3021,1.0000
21453,german,philiumm,"I,15",fair_copy,other,0,0.55,28,28,14,0.5000,0.4694,0.6324
21453,german,trocr-kurrent-xvi-xvii,"I,15",fair_copy,other,0,0.55,28,28,21,0.7500,0.6686,0.8784
21453,german,trocr-hanse-xvii,"I,15",fair_copy,other,0,0.55,28,28,20,0.7143,0.6262,0.8140
21453,german,trocr-hanse-xvi,"I,15",fair_copy,other,0,0.55,28,28,21,0.7500,0.6546,0.8347
21453,german,v1,"I,15",fair_copy,other,0,0.55,28,28,17,0.6071,0.5022,0.6448
9429,german,philiumm,"I,7",heavy_revision,own,1,0.72,306,303,10,0.0327,0.2846,0.8112
9429,german,trocr-kurrent-xvi-xvii,"I,7",heavy_revision,own,1,0.72,306,306,57,0.1863,0.3585,0.8557
9429,german,trocr-hanse-xvii,"I,7",heavy_revision,own,1,0.72,306,306,52,0.1699,0.3376,0.8554
9429,german,trocr-hanse-xvi,"I,7",heavy_revision,own,1,0.72,306,306,55,0.1797,0.3513,0.8670
9429,german,v1,"I,7",heavy_revision,own,1,0.72,306,301,40,0.1307,0.3222,0.8018
35140,german,philiumm,"III,1",light_revision,own,0,0.62,49,48,23,0.4694,0.4751,0.7561
35140,german,trocr-kurrent-xvi-xvii,"III,1",light_revision,own,0,0.62,49,49,20,0.4082,0.4603,0.7661
35140,german,trocr-hanse-xvii,"III,1",light_revision,own,0,0.62,49,49,20,0.4082,0.4716,0.7771
35140,german,trocr-hanse-xvi,"III,1",light_revision,own,0,0.62,49,49,24,0.4898,0.4878,0.7771
35140,german,v1,"III,1",light_revision,own,0,0.62,49,45,24,0.4898,0.4833,0.7934
16897,german,philiumm,"I,15",heavy_revision,other,0,0.72,79,65,23,0.2911,0.3402,0.8076
16897,german,trocr-kurrent-xvi-xvii,"I,15",heavy_revision,other,0,0.72,79,79,30,0.3797,0.3969,0.8981
16897,german,trocr-hanse-xvii,"I,15",heavy_revision,other,0,0.72,79,79,29,0.3671,0.3857,0.9131
16897,german,trocr-hanse-xvi,"I,15",heavy_revision,other,0,0.72,79,79,35,0.4430,0.4189,0.9278
16897,german,v1,"I,15",heavy_revision,other,0,0.72,79,61,27,0.3418,0.3726,0.8206
10047,german,philiumm,"I,10",light_revision,other,0,0.62,31,28,10,0.3226,0.3645,0.8581
10047,german,trocr-kurrent-xvi-xvii,"I,10",light_revision,other,0,0.62,31,31,11,0.3548,0.3799,0.8395
10047,german,trocr-hanse-xvii,"I,10",light_revision,other,0,0.62,31,31,10,0.3226,0.3228,0.8093
10047,german,trocr-hanse-xvi,"I,10",light_revision,other,0,0.62,31,31,11,0.3548,0.3666,0.8336
10047,german,v1,"I,10",light_revision,other,0,0.62,31,26,9,0.2903,0.3567,0.8897
13864,german,philiumm,"I,12",heavy_revision,partial,0,0.72,74,73,2,0.0270,0.2451,1.0000
13864,german,trocr-kurrent-xvi-xvii,"I,12",heavy_revision,partial,0,0.72,74,74,12,0.1622,0.3000,0.9131
13864,german,trocr-hanse-xvii,"I,12",heavy_revision,partial,0,0.72,74,74,11,0.1486,0.2962,0.9028
13864,german,trocr-hanse-xvi,"I,12",heavy_revision,partial,0,0.72,74,74,14,0.1892,0.2584,0.8687
13864,german,v1,"I,12",heavy_revision,partial,0,0.72,74,72,6,0.0811,0.2718,0.8271
57924,german,philiumm,"IV,2",light_revision,partial,0,0.62,58,57,41,0.7069,0.6541,0.7794
57924,german,trocr-kurrent-xvi-xvii,"IV,2",light_revision,partial,0,0.62,58,58,50,0.8621,0.8406,0.9589
57924,german,trocr-hanse-xvii,"IV,2",light_revision,partial,0,0.62,58,58,48,0.8276,0.8187,0.9473
57924,german,trocr-hanse-xvi,"IV,2",light_revision,partial,0,0.62,58,58,50,0.8621,0.8392,0.9513
57924,german,v1,"IV,2",light_revision,partial,0,0.62,58,56,48,0.8276,0.7280,0.8185
55765,german,philiumm,"IV,3",scrap,other,0,0.80,369,365,0,0.0000,0.0462,
55765,german,trocr-kurrent-xvi-xvii,"IV,3",scrap,other,0,0.80,369,369,0,0.0000,0.0441,
55765,german,trocr-hanse-xvii,"IV,3",scrap,other,0,0.80,369,369,0,0.0000,0.0428,
55765,german,trocr-hanse-xvi,"IV,3",scrap,other,0,0.80,369,369,0,0.0000,0.0410,
55765,german,v1,"IV,3",scrap,other,0,0.80,369,366,0,0.0000,0.0440,
59196,german,philiumm,"IV,1",scrap,partial,0,0.80,165,164,11,0.0667,0.4663,0.8778
59196,german,trocr-kurrent-xvi-xvii,"IV,1",scrap,partial,0,0.80,165,165,37,0.2242,0.5158,0.9018
59196,german,trocr-hanse-xvii,"IV,1",scrap,partial,0,0.80,165,165,33,0.2000,0.5008,0.8886
59196,german,trocr-hanse-xvi,"IV,1",scrap,partial,0,0.80,165,165,56,0.3394,0.5580,0.8874
59196,german,v1,"IV,1",scrap,partial,0,0.80,165,165,29,0.1758,0.5098,0.8751
11660,german,philiumm,"I,12",fair_copy,other,0,0.55,26,26,1,0.0385,0.2761,0.7143
11660,german,trocr-kurrent-xvi-xvii,"I,12",fair_copy,other,0,0.55,26,26,0,0.0000,0.2689,
11660,german,trocr-hanse-xvii,"I,12",fair_copy,other,0,0.55,26,26,0,0.0000,0.2759,
11660,german,trocr-hanse-xvi,"I,12",fair_copy,other,0,0.55,26,26,1,0.0385,0.3160,1.0000
11660,german,v1,"I,12",fair_copy,other,0,0.55,26,26,1,0.0385,0.2845,0.5556
30178,german,philiumm,"IV,3",heavy_revision,own,1,0.72,111,110,3,0.0270,0.4045,0.8365
30178,german,trocr-kurrent-xvi-xvii,"IV,3",heavy_revision,own,1,0.72,111,111,58,0.5225,0.6241,0.8826
30178,german,trocr-hanse-xvii,"IV,3",heavy_revision,own,1,0.72,111,111,52,0.4685,0.6405,0.8637
30178,german,trocr-hanse-xvi,"IV,3",heavy_revision,own,1,0.72,111,111,65,0.5856,0.6773,0.8912
30178,german,v1,"IV,3",heavy_revision,own,1,0.72,111,109,38,0.3423,0.5873,0.7990
43865,german,philiumm,"III,3",light_revision,own,0,0.62,73,66,14,0.1918,0.3907,0.7578
43865,german,trocr-kurrent-xvi-xvii,"III,3",light_revision,own,0,0.62,73,73,40,0.5479,0.5409,0.8767
43865,german,trocr-hanse-xvii,"III,3",light_revision,own,0,0.62,73,73,43,0.5890,0.5571,0.8642
43865,german,trocr-hanse-xvi,"III,3",light_revision,own,0,0.62,73,73,42,0.5753,0.5880,0.9159
43865,german,v1,"III,3",light_revision,own,0,0.62,73,64,18,0.2466,0.4055,0.7223
5391,control,philiumm,"I,6",heavy_revision,,0,0.72,115,107,76,0.6609,0.6187,0.8865
5391,control,trocr-kurrent-xvi-xvii,"I,6",heavy_revision,,0,0.72,115,115,44,0.3826,0.5302,0.8308
5391,control,trocr-hanse-xvii,"I,6",heavy_revision,,0,0.72,115,115,29,0.2522,0.4725,0.8040
5391,control,trocr-hanse-xvi,"I,6",heavy_revision,,0,0.72,115,115,55,0.4783,0.5624,0.8417
5391,control,v1,"I,6",heavy_revision,,0,0.72,115,105,77,0.6696,0.6275,0.9162
20352,control,philiumm,"I,14",heavy_revision,,0,0.72,70,67,35,0.5000,0.6118,0.9278
20352,control,trocr-kurrent-xvi-xvii,"I,14",heavy_revision,,0,0.72,70,70,9,0.1286,0.3339,0.8531
20352,control,trocr-hanse-xvii,"I,14",heavy_revision,,0,0.72,70,70,10,0.1429,0.4101,0.8407
20352,control,trocr-hanse-xvi,"I,14",heavy_revision,,0,0.72,70,70,18,0.2571,0.4962,0.8739
20352,control,v1,"I,14",heavy_revision,,0,0.72,70,65,35,0.5000,0.6206,0.9359
19262,control,philiumm,"I,14",light_revision,,0,0.62,21,19,9,0.4286,0.3941,0.8188
19262,control,trocr-kurrent-xvi-xvii,"I,14",light_revision,,0,0.62,21,21,9,0.4286,0.4213,0.8175
19262,control,trocr-hanse-xvii,"I,14",light_revision,,0,0.62,21,21,6,0.2857,0.3446,0.7615
19262,control,trocr-hanse-xvi,"I,14",light_revision,,0,0.62,21,21,10,0.4762,0.4377,0.8245
19262,control,v1,"I,14",light_revision,,0,0.62,21,20,9,0.4286,0.4077,0.8268
5886,control,philiumm,"I,6",light_revision,,0,0.62,55,50,24,0.4364,0.4492,0.9002
5886,control,trocr-kurrent-xvi-xvii,"I,6",light_revision,,0,0.62,55,55,19,0.3455,0.4035,0.8660
5886,control,trocr-hanse-xvii,"I,6",light_revision,,0,0.62,55,55,19,0.3455,0.3543,0.8017
5886,control,trocr-hanse-xvi,"I,6",light_revision,,0,0.62,55,55,22,0.4000,0.4472,0.9089
5886,control,v1,"I,6",light_revision,,0,0.62,55,50,18,0.3273,0.3854,0.8913
57598,control,philiumm,"VI,3",heavy_revision,,0,0.72,90,90,2,0.0222,0.1115,0.8885
57598,control,trocr-kurrent-xvi-xvii,"VI,3",heavy_revision,,0,0.72,90,90,2,0.0222,0.1126,0.8233
57598,control,trocr-hanse-xvii,"VI,3",heavy_revision,,0,0.72,90,90,0,0.0000,0.1040,
57598,control,trocr-hanse-xvi,"VI,3",heavy_revision,,0,0.72,90,90,2,0.0222,0.1023,0.8109
57598,control,v1,"VI,3",heavy_revision,,0,0.72,90,90,3,0.0333,0.1212,0.9592
